{
	"part_count":8,
	"parts":[
	{
		"id":"part_00000001",
		"name":"ATTINY85",
		"type":"MICROPROCESSOR",
		"value":"",
		"package":"SOIC8",
		"pin_count":8,
		"pin_ids":["pin1", "pin2", "pin3", "pin4", "pin5", "pin6", "pin7", "pin8"],
		"pin_names":["PB5", "PB3", "PB4", "GND", "PB0", "PB1", "PB2", "VCC"],
		"pin_classes":["GPIO", "GPIO", "GPIO", "GND", "GPIO", "GPIO", "GPIO", "VCC"],
		"has_regmap":"false",
		"attributes":[
			{"k":"passive","v":"false"},
			{"k":"manufacturer","v":"Atmel"},
			{"k":"data bus width","v":"8-BIT"},
			{"k":"has_passives","v":"true"},
			{"k":"microcontroller","v":"true"},
			{"k":"decoupling_capacitor","v":"100nF"}
		]		
	},
	{
		"id":"part_00000002",
		"name":"C0603",
		"type":"capacitor",
		"value":"100n",
		"package":"C0603",
		"pin_count":2,
		"pin_ids":["pin1", "pin2"],
		"pin_names":["PIN1", "PIN2"],
		"pin_classes":["PASS", "PASS"],
		"attributes":[{"k":"passive","v":"true"}]
	},
	{
		"id":"part_00000003",
		"name":"R0603",
		"type":"resistor",
		"value":"10k",
		"package":"R0603",
		"pin_count":2,
		"pin_ids":["pin1", "pin2"],
		"pin_names":["PIN1", "PIN2"],
		"pin_classes":["PASS", "PASS"],
		"attributes":[{"k":"passive","v":"true"}]
	},
	{
		"id":"part_00000004",
		"name":"BAT43-WS-7-F",
		"type":"diode",
		"value":"",
		"package":"SOD323",
		"pin_count":2,
		"pin_ids":["pin1", "pin2"],
		"pin_names":["PIN1", "PIN2"],
		"pin_classes":["PASS", "PASS"],
		"attributes":[{"k":"passive","v":"true"}]
	},
	{
		"id":"part_00000005",
		"name":"24LC256",
		"type":"EEPROM",
		"value":"",
		"package":"SOIC8",
		"pin_count":8,
		"pin_ids":["pin1", "pin2", "pin3", "pin4", "pin5", "pin6", "pin7", "pin8"],
		"pin_names":["A0", "A1", "A2", "GND", "SDA", "SCL", "WP", "VCC"],
		"pin_classes":["ADDR", "ADDR", "ADDR", "GND", "I2C", "I2C", "EN", "VCC"],
		"has_regmap":"true",
		"register_map":{
			"register_length":0,
			"byte_length":0,
			"byte_count":0,
			"register_names":[],
			"dataList":[]
		},
		"attributes":[
			{"k":"passive","v":"false"},
			{"k":"manufacturer","v":"Atmel"},
			{"k":"data bus width","v":"8-BIT"},
			{"k":"has_passives","v":"true"},
			{"k":"microcontroller","v":"true"},
			{"k":"decoupling_capacitor","v":"100nF"}
		]
	},
	{
		"id":"part_00000006",
		"name":"MCP79412",
		"type":"RTC",
		"value":"",
		"package":"SOIC8",
		"pin_count":8,
		"pin_ids":["pin1", "pin2", "pin3", "pin4", "pin5", "pin6", "pin7", "pin8"],
		"pin_names":["X1", "X2", "VBAT", "GND", "SDA", "SCL", "MFP", "VCC"],
		"pin_classes":["XTAL", "XTAL", "VBAT", "GND", "I2C", "I2C", "DIG", "VCC"],
		"has_regmap":"true",
		"register_map":{
			"register_length":31,
			"byte_length":8,
			"byte_count":6,
			"register_names":["0x00","0x01","0x02","0x03","0x04","0x20\n0x5F"],
			"dataList":[
				{"bits":["SEC","SEC","SEC","SEC","MIN","MIN","MIN","MIN"]},
				{"bits":["HR","HR","HR","DOTW","DOTW","DOTW","FOO","BAR"]},
				{"bits":["HR","HR","HR","DOTW","DOTW","DOTW","FOO","BAR"]},
				{"bits":["HR","HR","HR","DOTW","DOTW","DOTW","FOO","BAR"]},
				{"bits":["OUT","SQWE","ALM1","ALM0","EXTOSC","RS2","RS1","RS0"]},
				{"bits":["SRAM","SRAM","SRAM","SRAM","SRAM","SRAM","SRAM","SRAM"]}
			]
		},
		"attributes":[
			{"k":"passive","v":"false"},
			{"k":"manufacturer","v":"Microchip"},
			{"k":"protocol","v":"i2c"},
			{"k":"vcc_range","v":"(1.8,5.5)"},
			{"k":"temp_range","v":"(-40,85)"},
			{"k":"logic_low_fraction","v":"0.3"},
			{"k":"logic_high_fraction","v":"0.7"},
			{"k":"operating_current_max","v":"3mA"},
			{"k":"operating_current_min","v":"300uA"}
		]
	},
	{
		"id":"part_00000007",
		"name":"DS3231MZ",
		"type":"RTC",
		"value":"",
		"package":"SOIC8",
		"pin_count":8,
		"pin_ids":["pin1", "pin2", "pin3", "pin4", "pin5", "pin6", "pin7", "pin8"],
		"pin_names":["32KHZ", "VCC", "INT/SQW", "RST", "GND", "VBAT", "SDA", "SCL"],
		"pin_classes":["FREQ", "VCC", "DIG", "RESET", "GND", "VBAT", "I2C", "I2C"],
		"has_regmap":"true",
		"register_map":{
			"register_length":31,
			"byte_length":8,
			"byte_count":1,
			"register_names":["0x00"],
			"dataList":[
				{"bits":["SEC","SEC","SEC","SEC","MIN","MIN","MIN","MIN"]}
			]
		},
		"attributes":[
			{"k":"passive","v":"false"},
			{"k":"manufacturer","v":"Maxim"},
			{"k":"protocol","v":"i2c"}
		]
	},
	{
		"id":"part_00000008",
		"name":"CRYSTAL-SMD-3.2X1.5MM",
		"type":"crystal",
		"value":"32.l68kHz",
		"package":"CRYSTAL-SMD-3.2X1.5MM",
		"pin_count":4,
		"pin_ids":["pin1", "pin2", "pin3", "pin4"],
		"pin_names":["PIN1", "PIN2", "PIN3", "PIN4"],
		"pin_classes":["PASS", "PASS", "PASS", "PASS"],
		"attributes":[
			{"k":"passive","v":"true"}, 
			{"k":"mfr_id","v":"ABS07-32.768KHZ-7-T"}, 
			{"k":"frequency","v":"32.l68kHz"}
		]
	}
	]
}