{
	"recipe_count":1,
	"recipes":[
		{
			"id":"recipe_00000001",
			"name":"my first board recipe",
			"ingredients":[
				{"id":"submod_00000001", "type":"submodule", "ref_des":"MEM_BRK1", "name":"24LC256_basic_breakout", "position":[-5,-5], "rotation":20, "options":["floating_labels"]},
				{"id":"part_00000006", "type":"part", "ref_des":"RTC1", "name":"MCP79412", "position":[0,5], "rotation":0, "options":["printed_labels"]}
			],
			"connections":[
				{"name":"GND", "connects":["MEM_BRK1:EEPROM1:pin4", "RTC1:pin4"]},
				{"name":"VCC", "connects":["MEM_BRK1:EEPROM1:pin8", "RTC1:pin8"]}
			],
			"signals":[],
			"context":[]
		}
	]
}