{
	"submodule_count":1,
	"submodules":[
	{
		"id":"submod_00000001",
		"name":"24LC256_basic_breakout",
		"ref_des":"MEMBRK",
		"part_count":4,
		"part_refs":["EEPROM1","R1","R2","C1"],
		"part_names":["24LC256","R0603","R0603","C0603"],
		"part_values":["","10k","10k","100n"],
		"part_positions":["0,0.19,0","-12,0,3","-7,0,-4","-4,0,-6"],
		"part_rotations":["0,0,0","0,0,0","0,0,0","0,90,0"],
		"connections":[
			{"name":"VCC", "connects":["R1:pin2","EEPROM1:pin8","R2:pin2","C1:pin2"]},
			{"name":"GND", "connects":["EEPROM1:pin4","C1:pin1"]},
			{"name":"SDA", "connects":["EEPROM1:pin5","R1:pin1"]},
			{"name":"SCL", "connects":["EEPROM1:pin6","R2:pin1"]}
		],
		"attributes":[{"k":"offset_from_first","v":"true"},{"k":"foo", "v":"bar"}]
	}
	]
}