{
	"submodule_count":2,
	"submodules":[
	{
		"id":"submod_00000001",
		"name":"24LC256_basic_breakout",
		"ref_des":"MEMBRK",
		"part_count":4,
		"part_refs":["EEPROM1","R1","R2","C1"],
		"part_names":["24LC256","R0603","R0603","C0603"],
		"part_values":["","10k","10k","100n"],
		"part_positions":["0,0","-5,5","-8,-6","7,6"],
		"part_rotations":[0,0,0,0],
		"connections":[
			{"name":"VCC", "connects":["R1:pin2","EEPROM1:pin8","R2:pin2","C1:pin2"]},
			{"name":"GND", "connects":["EEPROM1:pin4","C1:pin1"]},
			{"name":"SDA", "connects":["EEPROM1:pin5","R1:pin1"]},
			{"name":"SCL", "connects":["EEPROM1:pin6","R2:pin1"]}
		],
		"attributes":[{"k":"foo", "v":"bar"}]
	},
	{
		"id":"submod_00000002",
		"name":"atmega328_basic_breakout",
		"ref_des":"ATMEGA328BRK",
		"part_count":5,
		"part_refs":["U1","C1","C2","X1","C3"],
		"part_names":["ATMEGA328-AU","C0603","C0603","16MHz_Crystal","C0603"],
		"part_values":["","18pF","18pF","16MHz","100n"],
		"part_positions":["0,0","-8,1","-8,-7","-8,-3","5,5"],
		"part_rotations":[0,90,90,270,-90],
		"connections":[
			{"name":"VCC", "connects":["U1:pin4","U1:pin6","C3:pin1"]},
			{"name":"XTAL1", "connects":["U1:pin7","C1:pin1","X1:pin1"]},
			{"name":"XTAL2", "connects":["U1:pin8","C2:pin1","X1:pin3"]},
			{"name":"GND", "connects":["U1:pin3","U1:pin5","U1:pin21","C1:pin2","C2:pin2","C3:pin2"]}
		],
		"attributes":[{"k":"foo", "v":"bar"}]
	}
	]
}